cluster_id,size,consensus_length,consensus_score,diversity,representative_query,representative_target
0,22249,2,1.7025678632805805,0.10555243549574099,CAYEVI000000000:CAYEVI000000000_accn|CAYEVI010000049,JBLTKP000000000:JBLTKP000000000_accn|JBLTKP010000029
1,3,3,2.1114802631758374,0.002158545475603182,CAYEVI000000000:CAYEVI000000000_accn|CAYEVI010000027,JBLTKP000000000:JBLTKP000000000_accn|JBLTKP010000030
